{"cameraMode":{"drawMode":0,"name":"Shaded","section":"Shading Mode"},"sceneLighting":true,"audioPlay":false,"sceneViewState":{"showFog":false,"showMaterialUpdate":false,"showSkybox":false,"showFlares":false,"showImageEffects":false,"showParticleSystems":false},"in2DMode":false,"pivot":{"x":-0.0029499977827072145,"y":0.03752158209681511,"z":-0.000748075544834137},"rotation":{"x":-0.3911742866039276,"y":-0.02070869319140911,"z":0.008827095851302147,"w":-0.9200830459594727},"size":0.6581354737281799,"orthographic":false}