{"cameraMode":{"drawMode":0,"name":"Shaded","section":"Shading Mode"},"sceneLighting":false,"audioPlay":false,"sceneViewState":{"showFog":false,"showMaterialUpdate":false,"showSkybox":false,"showFlares":false,"showImageEffects":false,"showParticleSystems":false},"in2DMode":false,"pivot":{"x":-179.57518005371095,"y":42.285343170166019,"z":-111.73640441894531},"rotation":{"x":0.17925414443016053,"y":-0.11569330841302872,"z":0.02123193070292473,"w":0.9767565727233887},"size":2.8578836917877199,"orthographic":false}