{"cameraMode":{"drawMode":0,"name":"Shaded","section":"Shading Mode"},"sceneLighting":false,"audioPlay":false,"sceneViewState":{"showFog":false,"showMaterialUpdate":false,"showSkybox":false,"showFlares":false,"showImageEffects":false,"showParticleSystems":false},"in2DMode":false,"pivot":{"x":-7.450580596923828e-9,"y":0.04462628811597824,"z":-1.4901161193847657e-8},"rotation":{"x":0.17925414443016053,"y":-0.11569330841302872,"z":0.02123193070292473,"w":0.9767565727233887},"size":0.3597988188266754,"orthographic":false}